{"Positive": 0.06666666666666667, "Negative": 0.7666666666666667, "Neutral": 0.16666666666666666}