{"Negative": 0.7666666666666667, "Positive": 0.03333333333333333, "Neutral": 0.2}