{"Negative": 0.6129032258064516, "Neutral": 0.1935483870967742, "Positive": 0.1935483870967742}