{"Negative": 0.8064516129032258, "Neutral": 0.1935483870967742}