{"Neutral": 0.2, "Negative": 0.6666666666666666, "Positive": 0.13333333333333333}