{"Positive": 0.03333333333333333, "Negative": 0.7333333333333333, "Neutral": 0.23333333333333334}