{"Negative": 0.7307692307692307, "Positive": 0.07692307692307693, "Neutral": 0.19230769230769232}