{"Negative": 0.5882352941176471, "Neutral": 0.17647058823529413, "Positive": 0.23529411764705882}