{"Negative": 0.6470588235294118, "Positive": 0.17647058823529413, "Neutral": 0.17647058823529413}