{"Negative": 0.7307692307692307, "Positive": 0.038461538461538464, "Neutral": 0.23076923076923078}