{"Negative": 0.6666666666666666, "Positive": 0.23809523809523808, "Neutral": 0.09523809523809523}