{"Negative": 0.7222222222222222, "Neutral": 0.1111111111111111, "Positive": 0.16666666666666666}