{"Negative": 0.8787878787878788, "Neutral": 0.12121212121212122}