{"Positive": 0.13333333333333333, "Negative": 0.7333333333333333, "Neutral": 0.13333333333333333}