{"Positive": 0.11764705882352941, "Neutral": 0.17647058823529413, "Negative": 0.7058823529411765}