{"Positive": 0.06666666666666667, "Neutral": 0.26666666666666666, "Negative": 0.6666666666666666}