{"Neutral": 0.16666666666666666, "Negative": 0.7666666666666667, "Positive": 0.06666666666666667}