{"Neutral": 0.2727272727272727, "Positive": 0.13636363636363635, "Negative": 0.5909090909090909}