{"Positive": 0.09333333333333334, "Negative": 0.6566666666666666, "Neutral": 0.25}