{"Negative": 0.7087378640776699, "Neutral": 0.1553398058252427, "Positive": 0.13592233009708737}