{"Positive": 0.15, "Negative": 0.5233333333333333, "Neutral": 0.32666666666666666}