{"Negative": 0.66, "Positive": 0.13666666666666666, "Neutral": 0.20333333333333334}