{"Negative": 0.6067415730337079, "Neutral": 0.23595505617977527, "Positive": 0.15730337078651685}