{"Positive": 0.1111111111111111, "Neutral": 0.25925925925925924, "Negative": 0.6296296296296297}