{"Positive": 0.058394160583941604, "Negative": 0.7153284671532847, "Neutral": 0.22627737226277372}