{"Negative": 0.6766666666666666, "Positive": 0.12666666666666668, "Neutral": 0.19666666666666666}