{"Neutral": 0.27884615384615385, "Positive": 0.125, "Negative": 0.5961538461538461}