{"Neutral": 0.1619047619047619, "Positive": 0.11428571428571428, "Negative": 0.7238095238095238}