{"Positive": 0.09278350515463918, "Neutral": 0.2268041237113402, "Negative": 0.6804123711340206}