{"Neutral": 0.27666666666666667, "Positive": 0.19, "Negative": 0.5333333333333333}