{"Positive": 0.06741573033707865, "Neutral": 0.2247191011235955, "Negative": 0.7078651685393258}