{"Neutral": 0.17475728155339806, "Negative": 0.6796116504854369, "Positive": 0.14563106796116504}