{"Positive": 0.09285714285714286, "Negative": 0.6928571428571428, "Neutral": 0.21428571428571427}