{"Neutral": 0.18333333333333332, "Positive": 0.13, "Negative": 0.6866666666666666}