{"Negative": 0.5736434108527132, "Positive": 0.12403100775193798, "Neutral": 0.3023255813953488}