{"Positive": 0.0970873786407767, "Negative": 0.6990291262135923, "Neutral": 0.20388349514563106}