{"Positive": 0.14666666666666667, "Neutral": 0.22, "Negative": 0.6333333333333333}