{"Negative": 0.6923076923076923, "Neutral": 0.20192307692307693, "Positive": 0.10576923076923077}