{"Negative": 0.7364341085271318, "Positive": 0.06976744186046512, "Neutral": 0.1937984496124031}