{"Positive": 0.15666666666666668, "Negative": 0.5166666666666667, "Neutral": 0.32666666666666666}