{"Neutral": 0.2702702702702703, "Negative": 0.6036036036036037, "Positive": 0.12612612612612611}