{"Negative": 0.6909090909090909, "Positive": 0.11818181818181818, "Neutral": 0.19090909090909092}