{"Neutral": 0.2833333333333333, "Positive": 0.08666666666666667, "Negative": 0.63}