{"Neutral": 0.2, "Negative": 0.6333333333333333, "Positive": 0.16666666666666666}