{"Positive": 0.11, "Neutral": 0.18666666666666668, "Negative": 0.7033333333333334}