{"Negative": 0.6976744186046512, "Neutral": 0.1937984496124031, "Positive": 0.10852713178294573}