{"Positive": 0.11666666666666667, "Neutral": 0.24333333333333335, "Negative": 0.64}