{"Positive": 0.06666666666666667, "Negative": 0.6633333333333333, "Neutral": 0.27}