{"Positive": 0.06741573033707865, "Negative": 0.7191011235955056, "Neutral": 0.21348314606741572}