{"Negative": 0.6363636363636364, "Positive": 0.14772727272727273, "Neutral": 0.2159090909090909}