{"Negative": 0.7833333333333333, "Neutral": 0.14, "Positive": 0.07666666666666666}