{"Positive": 0.12612612612612611, "Negative": 0.6756756756756757, "Neutral": 0.1981981981981982}