{"Negative": 0.6633333333333333, "Neutral": 0.18333333333333332, "Positive": 0.15333333333333332}