{"Positive": 0.09666666666666666, "Neutral": 0.24333333333333335, "Negative": 0.66}