{"Positive": 0.18691588785046728, "Neutral": 0.205607476635514, "Negative": 0.6074766355140186}