{"Positive": 0.06333333333333334, "Negative": 0.7366666666666667, "Neutral": 0.2}