{"Positive": 0.11403508771929824, "Negative": 0.7017543859649122, "Neutral": 0.18421052631578946}