{"Positive": 0.1, "Negative": 0.5433333333333333, "Neutral": 0.3566666666666667}