{"Negative": 0.7266666666666667, "Positive": 0.12666666666666668, "Neutral": 0.14666666666666667}