{"Negative": 0.6066666666666667, "Positive": 0.11333333333333333, "Neutral": 0.28}