{"Neutral": 0.19666666666666666, "Positive": 0.25666666666666665, "Negative": 0.5466666666666666}