{"Neutral": 0.23, "Negative": 0.6366666666666667, "Positive": 0.13333333333333333}