{"Negative": 0.7166666666666667, "Positive": 0.07, "Neutral": 0.21333333333333335}