{"Negative": 0.64, "Positive": 0.08666666666666667, "Neutral": 0.2733333333333333}