{"Positive": 0.09523809523809523, "Negative": 0.7333333333333333, "Neutral": 0.17142857142857143}