{"Neutral": 0.2066115702479339, "Negative": 0.6033057851239669, "Positive": 0.19008264462809918}