{"Positive": 0.09333333333333334, "Negative": 0.72, "Neutral": 0.18666666666666668}