{"Negative": 0.7321428571428571, "Positive": 0.11607142857142858, "Neutral": 0.15178571428571427}