{"Positive": 0.11504424778761062, "Negative": 0.6548672566371682, "Neutral": 0.23008849557522124}