{"Neutral": 0.1721311475409836, "Positive": 0.13934426229508196, "Negative": 0.6885245901639344}