{"Positive": 0.13333333333333333, "Negative": 0.6366666666666667, "Neutral": 0.23}