{"Neutral": 0.29333333333333333, "Positive": 0.20666666666666667, "Negative": 0.5}