{"Neutral": 0.23333333333333334, "Negative": 0.66, "Positive": 0.10666666666666667}