{"Positive": 0.09375, "Neutral": 0.125, "Negative": 0.78125}