{"Neutral": 0.15625, "Negative": 0.71875, "Positive": 0.125}