{"Neutral": 0.3157894736842105, "Positive": 0.02631578947368421, "Negative": 0.6578947368421053}