{"Negative": 0.7941176470588235, "Positive": 0.058823529411764705, "Neutral": 0.14705882352941177}