{"Neutral": 0.12195121951219512, "Positive": 0.07317073170731707, "Negative": 0.8048780487804879}