{"Neutral": 0.1875, "Negative": 0.7708333333333334, "Positive": 0.041666666666666664}