{"Negative": 0.7096774193548387, "Neutral": 0.22580645161290322, "Positive": 0.06451612903225806}