{"Positive": 0.06060606060606061, "Negative": 0.7878787878787878, "Neutral": 0.15151515151515152}