{"Positive": 0.10204081632653061, "Negative": 0.6938775510204082, "Neutral": 0.20408163265306123}