{"Positive": 0.10810810810810811, "Negative": 0.7027027027027027, "Neutral": 0.1891891891891892}