{"Positive": 0.1276595744680851, "Negative": 0.6595744680851063, "Neutral": 0.2127659574468085}