{"Positive": 0.15384615384615385, "Negative": 0.5576923076923077, "Neutral": 0.28846153846153844}