{"Negative": 0.75, "Positive": 0.09090909090909091, "Neutral": 0.1590909090909091}