{"Positive": 0.09375, "Negative": 0.8125, "Neutral": 0.09375}