{"Negative": 0.6875, "Positive": 0.09375, "Neutral": 0.21875}