{"Negative": 0.7575757575757576, "Positive": 0.06060606060606061, "Neutral": 0.18181818181818182}