{"Negative": 0.6181818181818182, "Positive": 0.12727272727272726, "Neutral": 0.2545454545454545}