{"Positive": 0.06451612903225806, "Negative": 0.6774193548387096, "Neutral": 0.25806451612903225}