{"Positive": 0.07894736842105263, "Neutral": 0.2894736842105263, "Negative": 0.631578947368421}