{"Neutral": 0.09375, "Positive": 0.15625, "Negative": 0.75}