{"Positive": 0.20588235294117646, "Neutral": 0.08823529411764706, "Negative": 0.7058823529411765}