{"Negative": 0.6904761904761905, "Positive": 0.023809523809523808, "Neutral": 0.2857142857142857}