{"Neutral": 0.18666666666666668, "Negative": 0.41333333333333333, "Positive": 0.4}