{"Negative": 0.6533333333333333, "Neutral": 0.27666666666666667, "Positive": 0.07}