{"Positive": 0.27666666666666667, "Negative": 0.5433333333333333, "Neutral": 0.18}