{"Positive": 0.12666666666666668, "Neutral": 0.21333333333333335, "Negative": 0.66}