{"Negative": 0.6590909090909091, "Positive": 0.06818181818181818, "Neutral": 0.2727272727272727}