{"Negative": 0.6304347826086957, "Positive": 0.021739130434782608, "Neutral": 0.34782608695652173}