{"Positive": 0.27, "Negative": 0.49666666666666665, "Neutral": 0.23333333333333334}