{"Positive": 0.03333333333333333, "Negative": 0.79, "Neutral": 0.17666666666666667}