{"Neutral": 0.32608695652173914, "Positive": 0.08695652173913043, "Negative": 0.5869565217391305}