{"Positive": 0.05555555555555555, "Negative": 0.7962962962962963, "Neutral": 0.14814814814814814}