{"Negative": 0.75, "Neutral": 0.20454545454545456, "Positive": 0.045454545454545456}