{"Negative": 0.61, "Positive": 0.13333333333333333, "Neutral": 0.25666666666666665}