{"Positive": 0.1111111111111111, "Negative": 0.6222222222222222, "Neutral": 0.26666666666666666}