{"Positive": 0.14666666666666667, "Neutral": 0.20333333333333334, "Negative": 0.65}