{"Negative": 0.64, "Neutral": 0.22333333333333333, "Positive": 0.13666666666666666}