{"Positive": 0.045454545454545456, "Neutral": 0.3181818181818182, "Negative": 0.6363636363636364}