{"Positive": 0.10333333333333333, "Negative": 0.6933333333333334, "Neutral": 0.20333333333333334}