{"Neutral": 0.25333333333333335, "Positive": 0.11333333333333333, "Negative": 0.6333333333333333}