{"Positive": 0.043333333333333335, "Negative": 0.75, "Neutral": 0.20666666666666667}