{"Positive": 0.045454545454545456, "Neutral": 0.22727272727272727, "Negative": 0.7272727272727273}