{"Negative": 0.6086956521739131, "Positive": 0.08695652173913043, "Neutral": 0.30434782608695654}