{"Neutral": 0.32666666666666666, "Positive": 0.06666666666666667, "Negative": 0.6066666666666667}