{"Neutral": 0.3111111111111111, "Negative": 0.6222222222222222, "Positive": 0.06666666666666667}