{"Neutral": 0.3111111111111111, "Positive": 0.06666666666666667, "Negative": 0.6222222222222222}