{"Neutral": 0.32, "Negative": 0.6033333333333334, "Positive": 0.07666666666666666}