{"Positive": 0.045454545454545456, "Negative": 0.6363636363636364, "Neutral": 0.3181818181818182}