{"Negative": 0.6166666666666667, "Neutral": 0.26666666666666666, "Positive": 0.11666666666666667}