{"Negative": 0.47333333333333333, "Positive": 0.30666666666666664, "Neutral": 0.22}