{"Neutral": 0.11666666666666667, "Negative": 0.68, "Positive": 0.20333333333333334}