{"Negative": 0.6511627906976745, "Positive": 0.046511627906976744, "Neutral": 0.3023255813953488}