{"Positive": 0.045454545454545456, "Negative": 0.6590909090909091, "Neutral": 0.29545454545454547}