{"Negative": 0.6133333333333333, "Positive": 0.26, "Neutral": 0.12666666666666668}