{"Positive": 0.07666666666666666, "Neutral": 0.25, "Negative": 0.6733333333333333}