{"Positive": 0.0851063829787234, "Neutral": 0.3191489361702128, "Negative": 0.5957446808510638}