{"Positive": 0.045454545454545456, "Negative": 0.75, "Neutral": 0.20454545454545456}