{"Neutral": 0.21, "Positive": 0.023333333333333334, "Negative": 0.7666666666666667}