{"Negative": 0.6590909090909091, "Neutral": 0.2727272727272727, "Positive": 0.06818181818181818}