{"Negative": 0.6833333333333333, "Neutral": 0.23333333333333334, "Positive": 0.08333333333333333}