{"Negative": 0.8461538461538461, "Neutral": 0.1346153846153846, "Positive": 0.019230769230769232}