{"Neutral": 0.25, "Positive": 0.045454545454545456, "Negative": 0.7045454545454546}