{"Positive": 0.05, "Negative": 0.6833333333333333, "Neutral": 0.26666666666666666}