{"Negative": 0.6133333333333333, "Positive": 0.056666666666666664, "Neutral": 0.33}