{"Neutral": 0.17307692307692307, "Positive": 0.019230769230769232, "Negative": 0.8076923076923077}