{"Negative": 0.6444444444444445, "Positive": 0.1111111111111111, "Neutral": 0.24444444444444444}