{"Positive": 0.057692307692307696, "Neutral": 0.1346153846153846, "Negative": 0.8076923076923077}