{"Positive": 0.06382978723404255, "Negative": 0.5531914893617021, "Neutral": 0.3829787234042553}