{"Negative": 0.6366666666666667, "Positive": 0.10666666666666667, "Neutral": 0.25666666666666665}