{"Negative": 0.5666666666666667, "Neutral": 0.23333333333333334, "Positive": 0.2}