{"Positive": 0.11666666666666667, "Negative": 0.61, "Neutral": 0.2733333333333333}