{"Neutral": 0.14666666666666667, "Positive": 0.3, "Negative": 0.5533333333333333}