{"Positive": 0.06333333333333334, "Neutral": 0.3233333333333333, "Negative": 0.6133333333333333}