{"Positive": 0.021739130434782608, "Negative": 0.6086956521739131, "Neutral": 0.3695652173913043}