{"Positive": 0.04285714285714286, "Negative": 0.7428571428571429, "Neutral": 0.21428571428571427}