{"Negative": 0.8014184397163121, "Positive": 0.07801418439716312, "Neutral": 0.12056737588652482}