{"Negative": 0.8403361344537815, "Positive": 0.058823529411764705, "Neutral": 0.10084033613445378}