{"Positive": 0.06493506493506493, "Neutral": 0.16883116883116883, "Negative": 0.7662337662337663}