{"Neutral": 0.16455696202531644, "Positive": 0.05063291139240506, "Negative": 0.7848101265822784}