{"Neutral": 0.11965811965811966, "Negative": 0.8034188034188035, "Positive": 0.07692307692307693}