{"Negative": 0.7435897435897436, "Positive": 0.10256410256410256, "Neutral": 0.15384615384615385}