{"Positive": 0.07913669064748201, "Neutral": 0.16546762589928057, "Negative": 0.7553956834532374}