{"Negative": 0.8114754098360656, "Neutral": 0.13934426229508196, "Positive": 0.04918032786885246}