{"Positive": 0.08547008547008547, "Negative": 0.811965811965812, "Neutral": 0.10256410256410256}