{"Positive": 0.06382978723404255, "Negative": 0.7730496453900709, "Neutral": 0.16312056737588654}