{"Positive": 0.06481481481481481, "Negative": 0.8425925925925926, "Neutral": 0.09259259259259259}