{"Negative": 0.7697368421052632, "Neutral": 0.17763157894736842, "Positive": 0.05263157894736842}