{"Neutral": 0.2198581560283688, "Positive": 0.05673758865248227, "Negative": 0.723404255319149}