{"Neutral": 0.1773049645390071, "Negative": 0.7801418439716312, "Positive": 0.0425531914893617}