{"Negative": 0.7235294117647059, "Neutral": 0.18235294117647058, "Positive": 0.09411764705882353}