{"Positive": 0.05511811023622047, "Neutral": 0.14960629921259844, "Negative": 0.7952755905511811}