{"Positive": 0.06896551724137931, "Negative": 0.7844827586206896, "Neutral": 0.14655172413793102}