{"Positive": 0.06349206349206349, "Negative": 0.7936507936507936, "Neutral": 0.14285714285714285}