{"Negative": 0.8064516129032258, "Positive": 0.06451612903225806, "Neutral": 0.12903225806451613}