{"Positive": 0.0625, "Negative": 0.7857142857142857, "Neutral": 0.15178571428571427}