{"Positive": 0.05128205128205128, "Negative": 0.7884615384615384, "Neutral": 0.16025641025641027}