{"Neutral": 0.12745098039215685, "Positive": 0.08823529411764706, "Negative": 0.7843137254901961}