{"Positive": 0.03361344537815126, "Negative": 0.8739495798319328, "Neutral": 0.09243697478991597}