{"Negative": 0.8129496402877698, "Positive": 0.02877697841726619, "Neutral": 0.15827338129496402}