{"Negative": 0.7903225806451613, "Positive": 0.04032258064516129, "Neutral": 0.1693548387096774}