{"Negative": 0.75177304964539, "Neutral": 0.20567375886524822, "Positive": 0.0425531914893617}