{"Negative": 0.7913669064748201, "Neutral": 0.15827338129496402, "Positive": 0.050359712230215826}