{"Positive": 0.08823529411764706, "Neutral": 0.11764705882352941, "Negative": 0.7941176470588235}