{"Negative": 0.7352941176470589, "Positive": 0.12091503267973856, "Neutral": 0.1437908496732026}