{"Negative": 0.7242857142857143, "Neutral": 0.16857142857142857, "Positive": 0.10714285714285714}