{"Positive": 0.08142857142857143, "Negative": 0.64, "Neutral": 0.2785714285714286}