{"Negative": 0.7111111111111111, "Neutral": 0.18095238095238095, "Positive": 0.10793650793650794}