{"Neutral": 0.16, "Positive": 0.12428571428571429, "Negative": 0.7157142857142857}