{"Positive": 0.11392405063291139, "Negative": 0.7278481012658228, "Neutral": 0.15822784810126583}