{"Negative": 0.7207792207792207, "Positive": 0.11363636363636363, "Neutral": 0.16558441558441558}