{"Positive": 0.10064935064935066, "Neutral": 0.16883116883116883, "Negative": 0.7305194805194806}