{"Negative": 0.7209302325581395, "Positive": 0.10299003322259136, "Neutral": 0.1760797342192691}