{"Positive": 0.11, "Negative": 0.7014285714285714, "Neutral": 0.18857142857142858}