{"Negative": 0.7247386759581882, "Positive": 0.08362369337979095, "Neutral": 0.1916376306620209}