{"Negative": 0.7114285714285714, "Positive": 0.14, "Neutral": 0.14857142857142858}