{"Neutral": 0.16964285714285715, "Positive": 0.08630952380952381, "Negative": 0.7440476190476191}