{"Negative": 0.8205128205128205, "Neutral": 0.10256410256410256, "Positive": 0.07692307692307693}