{"Positive": 0.13428571428571429, "Neutral": 0.17714285714285713, "Negative": 0.6885714285714286}