{"Positive": 0.12177121771217712, "Neutral": 0.17343173431734318, "Negative": 0.7047970479704797}