{"Positive": 0.12857142857142856, "Neutral": 0.24714285714285714, "Negative": 0.6242857142857143}