{"Positive": 0.1457142857142857, "Negative": 0.6428571428571429, "Neutral": 0.21142857142857144}