{"Positive": 0.11824324324324324, "Negative": 0.7027027027027027, "Neutral": 0.17905405405405406}