{"Positive": 0.08656716417910448, "Neutral": 0.16716417910447762, "Negative": 0.746268656716418}