{"Positive": 0.12428571428571429, "Negative": 0.6914285714285714, "Neutral": 0.18428571428571427}