{"Negative": 0.7027027027027027, "Neutral": 0.17229729729729729, "Positive": 0.125}