{"Positive": 0.09285714285714286, "Negative": 0.6828571428571428, "Neutral": 0.22428571428571428}