{"Negative": 0.6114285714285714, "Positive": 0.09857142857142857, "Neutral": 0.29}