{"Positive": 0.13714285714285715, "Negative": 0.6471428571428571, "Neutral": 0.21571428571428572}