{"Positive": 0.1357142857142857, "Negative": 0.6871428571428572, "Neutral": 0.17714285714285713}