{"Negative": 0.6728571428571428, "Neutral": 0.16, "Positive": 0.16714285714285715}