{"Neutral": 0.17717717717717718, "Positive": 0.12612612612612611, "Negative": 0.6966966966966966}