{"Positive": 0.11550151975683891, "Negative": 0.723404255319149, "Neutral": 0.16109422492401215}