{"Neutral": 0.2057142857142857, "Negative": 0.7028571428571428, "Positive": 0.09142857142857143}