{"Positive": 0.10437710437710437, "Neutral": 0.18181818181818182, "Negative": 0.7138047138047138}