{"Positive": 0.09857142857142857, "Negative": 0.7142857142857143, "Neutral": 0.18714285714285714}