{"Neutral": 0.1757142857142857, "Positive": 0.15571428571428572, "Negative": 0.6685714285714286}