{"Neutral": 0.15428571428571428, "Positive": 0.1, "Negative": 0.7457142857142857}