{"Negative": 0.6728571428571428, "Positive": 0.11857142857142858, "Neutral": 0.20857142857142857}