{"Positive": 0.12582781456953643, "Negative": 0.695364238410596, "Neutral": 0.17880794701986755}