{"Positive": 0.12874251497005987, "Negative": 0.6976047904191617, "Neutral": 0.17365269461077845}