{"Neutral": 0.18714285714285714, "Positive": 0.11285714285714285, "Negative": 0.7}