{"Positive": 0.10139860139860139, "Neutral": 0.18181818181818182, "Negative": 0.7167832167832168}