{"Neutral": 0.25, "Positive": 0.16857142857142857, "Negative": 0.5814285714285714}