{"Positive": 0.12027491408934708, "Negative": 0.7044673539518901, "Neutral": 0.17525773195876287}