{"Negative": 0.7357142857142858, "Positive": 0.09142857142857143, "Neutral": 0.17285714285714285}