{"Neutral": 0.17320261437908496, "Positive": 0.11764705882352941, "Negative": 0.7091503267973857}