{"Negative": 0.7019867549668874, "Positive": 0.1456953642384106, "Neutral": 0.152317880794702}