{"Positive": 0.11571428571428571, "Neutral": 0.2857142857142857, "Negative": 0.5985714285714285}