{"Negative": 0.6728571428571428, "Positive": 0.12571428571428572, "Neutral": 0.20142857142857143}