{"Positive": 0.08857142857142856, "Neutral": 0.2, "Negative": 0.7114285714285714}