{"Neutral": 0.17475728155339806, "Negative": 0.7119741100323624, "Positive": 0.11326860841423948}