{"Neutral": 0.18412698412698414, "Negative": 0.6984126984126984, "Positive": 0.11746031746031746}