{"Negative": 0.76, "Neutral": 0.16428571428571428, "Positive": 0.07571428571428572}