{"Negative": 0.7247386759581882, "Neutral": 0.18118466898954705, "Positive": 0.09407665505226481}