{"Negative": 0.6614285714285715, "Positive": 0.14, "Neutral": 0.19857142857142857}