{"Positive": 0.10510510510510511, "Negative": 0.7177177177177178, "Neutral": 0.17717717717717718}