{"Neutral": 0.16714285714285715, "Negative": 0.6185714285714285, "Positive": 0.21428571428571427}