{"Positive": 0.09428571428571429, "Negative": 0.6857142857142857, "Neutral": 0.22}