{"Neutral": 0.16428571428571428, "Negative": 0.7028571428571428, "Positive": 0.13285714285714287}