{"Negative": 0.7113095238095238, "Neutral": 0.18154761904761904, "Positive": 0.10714285714285714}