{"Negative": 0.5966666666666667, "Neutral": 0.28, "Positive": 0.12333333333333334}