{"Positive": 0.14666666666666667, "Negative": 0.58, "Neutral": 0.2733333333333333}