{"Positive": 0.2553191489361702, "Neutral": 0.14893617021276595, "Negative": 0.5957446808510638}