{"Positive": 0.08666666666666667, "Neutral": 0.29333333333333333, "Negative": 0.62}