{"Negative": 0.717391304347826, "Positive": 0.15217391304347827, "Neutral": 0.13043478260869565}