{"Negative": 0.6595744680851063, "Positive": 0.1702127659574468, "Neutral": 0.1702127659574468}