{"Positive": 0.16333333333333333, "Negative": 0.6266666666666667, "Neutral": 0.21}