{"Positive": 0.16333333333333333, "Neutral": 0.18666666666666668, "Negative": 0.65}