{"Negative": 0.6133333333333333, "Neutral": 0.31, "Positive": 0.07666666666666666}