{"Negative": 0.6938775510204082, "Positive": 0.14285714285714285, "Neutral": 0.16326530612244897}