{"Negative": 0.6333333333333333, "Positive": 0.14333333333333334, "Neutral": 0.22333333333333333}