{"Neutral": 0.23333333333333334, "Positive": 0.07666666666666666, "Negative": 0.69}