{"Negative": 0.6170212765957447, "Neutral": 0.14893617021276595, "Positive": 0.23404255319148937}