{"Positive": 0.21875, "Negative": 0.59375, "Neutral": 0.1875}