{"Negative": 0.6366666666666667, "Positive": 0.11, "Neutral": 0.25333333333333335}