{"Positive": 0.2037037037037037, "Neutral": 0.14814814814814814, "Negative": 0.6481481481481481}