{"Negative": 0.5866666666666667, "Positive": 0.14333333333333334, "Neutral": 0.27}