{"Neutral": 0.16981132075471697, "Negative": 0.7169811320754716, "Positive": 0.11320754716981132}