{"Positive": 0.11666666666666667, "Negative": 0.6366666666666667, "Neutral": 0.24666666666666667}