{"Negative": 0.5133333333333333, "Positive": 0.09333333333333334, "Neutral": 0.3933333333333333}