{"Negative": 0.6333333333333333, "Neutral": 0.23333333333333334, "Positive": 0.13333333333333333}