{"Positive": 0.19444444444444445, "Negative": 0.6944444444444444, "Neutral": 0.1111111111111111}