{"Negative": 0.717391304347826, "Positive": 0.10869565217391304, "Neutral": 0.17391304347826086}