{"Neutral": 0.12903225806451613, "Negative": 0.6129032258064516, "Positive": 0.25806451612903225}