{"Positive": 0.1935483870967742, "Negative": 0.5806451612903226, "Neutral": 0.22580645161290322}