{"Neutral": 0.1, "Negative": 0.8666666666666667, "Positive": 0.03333333333333333}