{"Positive": 0.16, "Neutral": 0.29333333333333333, "Negative": 0.5466666666666666}