{"Positive": 0.016666666666666666, "Negative": 0.8933333333333333, "Neutral": 0.09}