{"Neutral": 0.18666666666666668, "Negative": 0.6433333333333333, "Positive": 0.17}