{"Positive": 0.11333333333333333, "Negative": 0.7, "Neutral": 0.18666666666666668}