{"Negative": 0.8566666666666667, "Positive": 0.03666666666666667, "Neutral": 0.10666666666666667}