{"Neutral": 0.10256410256410256, "Positive": 0.1794871794871795, "Negative": 0.717948717948718}