{"Neutral": 0.17777777777777778, "Negative": 0.6666666666666666, "Positive": 0.15555555555555556}