{"Positive": 0.12666666666666668, "Negative": 0.68, "Neutral": 0.19333333333333333}