{"Negative": 0.6590909090909091, "Neutral": 0.18181818181818182, "Positive": 0.1590909090909091}