{"Positive": 0.17391304347826086, "Neutral": 0.17391304347826086, "Negative": 0.6521739130434783}