{"Neutral": 0.125, "Positive": 0.21875, "Negative": 0.65625}