{"Negative": 0.6363636363636364, "Neutral": 0.12121212121212122, "Positive": 0.24242424242424243}