{"Negative": 0.6538461538461539, "Neutral": 0.15384615384615385, "Positive": 0.19230769230769232}