{"Positive": 0.15384615384615385, "Neutral": 0.10256410256410256, "Negative": 0.7435897435897436}