{"Neutral": 0.2, "Negative": 0.5666666666666667, "Positive": 0.23333333333333334}