{"Positive": 0.05333333333333334, "Negative": 0.5566666666666666, "Neutral": 0.39}