{"Neutral": 0.2, "Negative": 0.5833333333333334, "Positive": 0.21666666666666667}