{"Neutral": 0.2633333333333333, "Negative": 0.64, "Positive": 0.09666666666666666}