{"Positive": 0.17857142857142858, "Neutral": 0.21428571428571427, "Negative": 0.6071428571428571}