{"Positive": 0.14333333333333334, "Neutral": 0.26, "Negative": 0.5966666666666667}