{"Negative": 0.6866666666666666, "Positive": 0.03666666666666667, "Neutral": 0.27666666666666667}