{"Positive": 0.17391304347826086, "Negative": 0.6739130434782609, "Neutral": 0.15217391304347827}