{"Negative": 0.6363636363636364, "Positive": 0.18181818181818182, "Neutral": 0.18181818181818182}