{"Positive": 0.05333333333333334, "Neutral": 0.13666666666666666, "Negative": 0.81}