{"Positive": 0.18181818181818182, "Negative": 0.6818181818181818, "Neutral": 0.13636363636363635}