{"Positive": 0.12195121951219512, "Negative": 0.7804878048780488, "Neutral": 0.0975609756097561}