{"Negative": 0.7027027027027027, "Positive": 0.16216216216216217, "Neutral": 0.13513513513513514}