{"Neutral": 0.26666666666666666, "Positive": 0.023333333333333334, "Negative": 0.71}