{"Positive": 0.013333333333333334, "Negative": 0.9066666666666666, "Neutral": 0.08}