{"Negative": 0.5645161290322581, "Neutral": 0.3225806451612903, "Positive": 0.11290322580645161}