{"Negative": 0.6153846153846154, "Positive": 0.07692307692307693, "Neutral": 0.3076923076923077}