{"Negative": 0.8888888888888888, "Positive": 0.1111111111111111}