{"Negative": 0.5833333333333334, "Neutral": 0.3055555555555556, "Positive": 0.1111111111111111}