{"Negative": 0.6666666666666666, "Positive": 0.08333333333333333, "Neutral": 0.25}