{"Neutral": 0.32727272727272727, "Negative": 0.5636363636363636, "Positive": 0.10909090909090909}