{"Negative": 0.6923076923076923, "Positive": 0.07692307692307693, "Neutral": 0.23076923076923078}