{"Negative": 0.75, "Neutral": 0.16666666666666666, "Positive": 0.08333333333333333}