{"Positive": 0.10714285714285714, "Neutral": 0.32142857142857145, "Negative": 0.5714285714285714}