{"Positive": 0.09090909090909091, "Negative": 0.9090909090909091}