{"Neutral": 0.32786885245901637, "Negative": 0.5573770491803278, "Positive": 0.11475409836065574}