{"Positive": 0.08333333333333333, "Neutral": 0.16666666666666666, "Negative": 0.75}