{"Negative": 0.6153846153846154, "Neutral": 0.3076923076923077, "Positive": 0.07692307692307693}