{"Positive": 0.05263157894736842, "Neutral": 0.3157894736842105, "Negative": 0.631578947368421}