{"Neutral": 0.2857142857142857, "Negative": 0.6428571428571429, "Positive": 0.07142857142857142}