{"Positive": 0.08333333333333333, "Negative": 0.9166666666666666}